{
	"class_name" : "PoseGraph",
	"edges" : 
	[
		{
			"class_name" : "PoseGraphEdge",
			"confidence" : 1.0,
			"information" : 
			[
				13.008608155705486,
				-0.00056924269235628555,
				-3.069331003830037e-05,
				0.0,
				-75.698277085140035,
				0.94387033257750375,
				-0.00056924269235628555,
				13.007805339930352,
				-0.00033393927759703716,
				75.698277085140035,
				0.0,
				-0.58639415050507893,
				-3.069331003830037e-05,
				-0.00033393927759703716,
				13.003950650084633,
				-0.94387033257750375,
				0.58639415050507893,
				0.0,
				0.0,
				75.698277085140035,
				-0.94387033257750375,
				1031368.0,
				0.0,
				0.0,
				-75.698277085140035,
				0.0,
				0.58639415050507893,
				0.0,
				1031368.0,
				0.0,
				0.94387033257750375,
				-0.58639415050507893,
				0.0,
				0.0,
				0.0,
				1031368.0
			],
			"source_node_id" : 0,
			"target_node_id" : 1,
			"transformation" : 
			[
				0.99331698357945974,
				-0.05573912714354172,
				0.10106690772888005,
				0.0,
				0.062663961582727579,
				0.99580418584195252,
				-0.066687715348518029,
				0.0,
				-0.09692573472179776,
				0.072575293075003211,
				0.99264204463830663,
				0.0,
				4.8972514772914485e-06,
				-1.8715102287736863e-06,
				-3.9863345652311597e-06,
				1.0
			],
			"uncertain" : false,
			"version_major" : 1,
			"version_minor" : 0
		},
		{
			"class_name" : "PoseGraphEdge",
			"confidence" : 1.0,
			"information" : 
			[
				13.010809485089096,
				0.00012780086982057241,
				0.0010993945036982603,
				0.0,
				-80.293347225072921,
				15.950672222651029,
				0.00012780086982057241,
				13.009757373148476,
				-0.002429955728456596,
				80.293347225072921,
				0.0,
				8.1410443260267265,
				0.0010993945036982603,
				-0.002429955728456596,
				13.00507923789897,
				-15.950672222651029,
				-8.1410443260267265,
				0.0,
				0.0,
				80.293347225072921,
				-15.950672222651029,
				1044902.0,
				0.0,
				0.0,
				-80.293347225072921,
				0.0,
				-8.1410443260267265,
				0.0,
				1044902.0,
				0.0,
				15.950672222651029,
				8.1410443260267265,
				0.0,
				0.0,
				0.0,
				1044902.0
			],
			"source_node_id" : 1,
			"target_node_id" : 2,
			"transformation" : 
			[
				0.9993789490104289,
				-0.001971345738417939,
				0.035182809307830541,
				0.0,
				0.0032971540674505656,
				0.99928497227704294,
				-0.037665275205747445,
				0.0,
				-0.035083401344040706,
				0.037757886292122095,
				0.99867086518676651,
				0.0,
				1.1592605091841967e-06,
				1.5271769893267574e-06,
				-3.7979847620813654e-06,
				1.0
			],
			"uncertain" : false,
			"version_major" : 1,
			"version_minor" : 0
		},
		{
			"class_name" : "PoseGraphEdge",
			"confidence" : 1.0,
			"information" : 
			[
				13.012396776152585,
				0.00090981130521495851,
				0.0021451268059859254,
				0.0,
				-85.62811381862457,
				25.519140905883191,
				0.00090981130521495851,
				13.01097263007734,
				-0.0037640667087544674,
				85.62811381862457,
				0.0,
				11.843819725948965,
				0.0021451268059859254,
				-0.0037640667087544674,
				13.005947753939434,
				-25.519140905883191,
				-11.843819725948965,
				0.0,
				0.0,
				85.62811381862457,
				-25.519140905883191,
				1185831.0,
				0.0,
				0.0,
				-85.62811381862457,
				0.0,
				-11.843819725948965,
				0.0,
				1185831.0,
				0.0,
				25.519140905883191,
				11.843819725948965,
				0.0,
				0.0,
				0.0,
				1185831.0
			],
			"source_node_id" : 2,
			"target_node_id" : 3,
			"transformation" : 
			[
				0.99751139463342431,
				-0.066511345911738573,
				-0.023393555554693825,
				0.0,
				0.066448599642428108,
				0.99778388408418317,
				-0.0034502561415231795,
				0.0,
				0.023571193903614462,
				0.001887200808306575,
				0.99972037955173565,
				0.0,
				5.6868059455208757e-07,
				-6.4336312926551299e-07,
				6.1280841860999197e-07,
				1.0
			],
			"uncertain" : false,
			"version_major" : 1,
			"version_minor" : 0
		},
		{
			"class_name" : "PoseGraphEdge",
			"confidence" : 1.0,
			"information" : 
			[
				13.014529518843093,
				0.0014371342862150188,
				0.0023939000176861772,
				0.0,
				-83.248499855585123,
				28.901441607994052,
				0.0014371342862150188,
				13.011799037411929,
				-0.005096149472506601,
				83.248499855585123,
				0.0,
				12.913593501763494,
				0.0023939000176861772,
				-0.005096149472506601,
				13.007641809976288,
				-28.901441607994052,
				-12.913593501763494,
				0.0,
				0.0,
				83.248499855585123,
				-28.901441607994052,
				1067008.0,
				0.0,
				0.0,
				-83.248499855585123,
				0.0,
				-12.913593501763494,
				0.0,
				1067008.0,
				0.0,
				28.901441607994052,
				12.913593501763494,
				0.0,
				0.0,
				0.0,
				1067008.0
			],
			"source_node_id" : 3,
			"target_node_id" : 4,
			"transformation" : 
			[
				0.99274388247199774,
				-0.11866612367842076,
				0.019440547974827901,
				0.0,
				0.11960404926491817,
				0.99114680856122639,
				-0.057644386355747354,
				0.0,
				-0.012428001201274306,
				0.059551280171238778,
				0.99814787973331309,
				0.0,
				1.5910813728084632e-06,
				-1.2749680944091304e-06,
				-9.5014775683569693e-07,
				1.0
			],
			"uncertain" : false,
			"version_major" : 1,
			"version_minor" : 0
		}
	],
	"nodes" : 
	[
		{
			"class_name" : "PoseGraphNode",
			"pose" : 
			[
				1.0,
				0.0,
				0.0,
				0.0,
				0.0,
				1.0,
				0.0,
				0.0,
				0.0,
				0.0,
				1.0,
				0.0,
				0.0,
				0.0,
				0.0,
				1.0
			],
			"version_major" : 1,
			"version_minor" : 0
		},
		{
			"class_name" : "PoseGraphNode",
			"pose" : 
			[
				0.99331698357946108,
				0.062663961582727565,
				-0.096925734721797774,
				0.0,
				-0.055739127143541796,
				0.99580418584195218,
				0.072575293075003183,
				0.0,
				0.10106690772888011,
				-0.066687715348517987,
				0.99264204463830596,
				0.0,
				-4.565952904164594e-06,
				1.2909369964548253e-06,
				4.5674983943434107e-06,
				1.0
			],
			"version_major" : 1,
			"version_minor" : 0
		},
		{
			"class_name" : "PoseGraphNode",
			"pose" : 
			[
				0.98897053170761962,
				0.068247995771398423,
				-0.13145150621859003,
				0.0,
				-0.053841370514934817,
				0.99245063873560957,
				0.11019453931277245,
				0.0,
				0.13797968776244696,
				-0.10190162288436731,
				0.98517900151115101,
				0.0,
				-5.1061573325973922e-06,
				-6.9084879933978156e-07,
				8.2932932052493611e-06,
				1.0
			],
			"version_major" : 1,
			"version_minor" : 0
		},
		{
			"class_name" : "PoseGraphNode",
			"pose" : 
			[
				0.98618403663648835,
				0.13162316568897769,
				-0.10058025719480504,
				0.0,
				-0.1192394175494535,
				0.98551967819983488,
				0.12055258264906742,
				0.0,
				0.11499133526413348,
				-0.10689390129892846,
				0.98759844404457542,
				0.0,
				-5.8141629600130863e-06,
				-6.6147832727180674e-08,
				7.8228416918086027e-06,
				1.0
			],
			"version_major" : 1,
			"version_minor" : 0
		},
		{
			"class_name" : "PoseGraphNode",
			"pose" : 
			[
				0.96333753973871106,
				0.2498687142060422,
				-0.097705732642393309,
				0.0,
				-0.22836252379645094,
				0.95480980429861073,
				0.19023352843430077,
				0.0,
				0.14082379861189337,
				-0.16094677156211518,
				0.97686477798528903,
				0.0,
				-7.5042628906575307e-06,
				6.0071953319204762e-07,
				9.1490070198076444e-06,
				1.0
			],
			"version_major" : 1,
			"version_minor" : 0
		}
	],
	"version_major" : 1,
	"version_minor" : 0
}