{
	"class_name" : "PoseGraph",
	"edges" : 
	[
		{
			"class_name" : "PoseGraphEdge",
			"confidence" : 1.0,
			"information" : 
			[
				13.022591339093553,
				0.00016094782397757111,
				0.00082432227696841766,
				0.0,
				-92.274727980253374,
				51.538580359017132,
				0.00016094782397757111,
				13.016644021517392,
				-0.0099168263171831098,
				92.274727980253374,
				0.0,
				5.7181089005206669,
				0.00082432227696841766,
				-0.0099168263171831098,
				13.013457291851999,
				-51.538580359017132,
				-5.7181089005206669,
				0.0,
				0.0,
				92.274727980253374,
				-51.538580359017132,
				1105663.0,
				0.0,
				0.0,
				-92.274727980253374,
				0.0,
				-5.7181089005206669,
				0.0,
				1105663.0,
				0.0,
				51.538580359017132,
				5.7181089005206669,
				0.0,
				0.0,
				0.0,
				1105663.0
			],
			"source_node_id" : 0,
			"target_node_id" : 1,
			"transformation" : 
			[
				0.99991269535162308,
				-0.013051112232986856,
				0.0020664327071489748,
				0.0,
				0.013137972813776695,
				0.99866832668667094,
				-0.049889547434197414,
				0.0,
				-0.0014125668110424373,
				0.049912340581529026,
				0.99875260345727135,
				0.0,
				-2.6147641017303415e-07,
				3.8517333702873383e-07,
				-9.3038692271438379e-07,
				1.0
			],
			"uncertain" : false,
			"version_major" : 1,
			"version_minor" : 0
		},
		{
			"class_name" : "PoseGraphEdge",
			"confidence" : 1.0,
			"information" : 
			[
				13.022671297264699,
				-0.00036791710768698167,
				-0.0001029329793983266,
				0.0,
				-91.708773577095144,
				56.61633447766684,
				-0.00036791710768698167,
				13.016586183909972,
				-0.010308271653030695,
				91.708773577095144,
				0.0,
				0.080090612522372595,
				-0.0001029329793983266,
				-0.010308271653030695,
				13.01393464040375,
				-56.61633447766684,
				-0.080090612522372595,
				0.0,
				0.0,
				91.708773577095144,
				-56.61633447766684,
				1196494.0,
				0.0,
				0.0,
				-91.708773577095144,
				0.0,
				-0.080090612522372595,
				0.0,
				1196494.0,
				0.0,
				56.61633447766684,
				0.080090612522372595,
				0.0,
				0.0,
				0.0,
				1196494.0
			],
			"source_node_id" : 1,
			"target_node_id" : 2,
			"transformation" : 
			[
				0.99981761629142218,
				-0.011685947958183637,
				-0.015105388894614998,
				0.0,
				0.011595034180870671,
				0.99991421605568953,
				-0.0060922665799028252,
				0.0,
				0.015175287004975405,
				0.0059160079491819336,
				0.99986734695871649,
				0.0,
				-8.6997705381530822e-08,
				-1.4356603936454544e-07,
				-2.3968640909094265e-09,
				1.0
			],
			"uncertain" : false,
			"version_major" : 1,
			"version_minor" : 0
		},
		{
			"class_name" : "PoseGraphEdge",
			"confidence" : 1.0,
			"information" : 
			[
				13.022254279171753,
				0.00021904704207265937,
				0.00014216491705467603,
				0.0,
				-96.878934812998068,
				55.32595387964173,
				0.00021904704207265937,
				13.016793030426184,
				-0.0097667730826977526,
				96.878934812998068,
				0.0,
				0.17036668907181785,
				0.00014216491705467603,
				-0.0097667730826977526,
				13.013016481234503,
				-55.32595387964173,
				-0.17036668907181785,
				0.0,
				0.0,
				96.878934812998068,
				-55.32595387964173,
				1137241.0,
				0.0,
				0.0,
				-96.878934812998068,
				0.0,
				-0.17036668907181785,
				0.0,
				1137241.0,
				0.0,
				55.32595387964173,
				0.17036668907181785,
				0.0,
				0.0,
				0.0,
				1137241.0
			],
			"source_node_id" : 2,
			"target_node_id" : 3,
			"transformation" : 
			[
				0.99986353664072736,
				0.01132125279830107,
				0.012030682913891548,
				0.0,
				-0.011425115573594635,
				0.99989775000479164,
				0.0085997831068450031,
				0.0,
				-0.011932092458058093,
				-0.0087360614942737069,
				0.99989064722055476,
				0.0,
				-4.09220094485558e-08,
				1.6001756691162676e-07,
				-3.6784602833804242e-07,
				1.0
			],
			"uncertain" : false,
			"version_major" : 1,
			"version_minor" : 0
		},
		{
			"class_name" : "PoseGraphEdge",
			"confidence" : 1.0,
			"information" : 
			[
				13.014553862291836,
				-0.00014007488917375878,
				-0.00027236770497159307,
				0.0,
				-83.699946765720142,
				38.331977638559472,
				-0.00014007488917375878,
				13.012018451042278,
				-0.0059955317217822643,
				83.699946765720142,
				0.0,
				-0.2213260039712095,
				-0.00027236770497159307,
				-0.0059955317217822643,
				13.007588264687962,
				-38.331977638559472,
				0.2213260039712095,
				0.0,
				0.0,
				83.699946765720142,
				-38.331977638559472,
				1170897.0,
				0.0,
				0.0,
				-83.699946765720142,
				0.0,
				0.2213260039712095,
				0.0,
				1170897.0,
				0.0,
				38.331977638559472,
				-0.2213260039712095,
				0.0,
				0.0,
				0.0,
				1170897.0
			],
			"source_node_id" : 3,
			"target_node_id" : 4,
			"transformation" : 
			[
				0.99947837469197254,
				0.024590029687928876,
				0.020935829647760217,
				0.0,
				-0.025972191856592091,
				0.9973109037506025,
				0.068530332775503577,
				0.0,
				-0.019194368269303107,
				-0.069038335003848816,
				0.9974293381120477,
				0.0,
				2.3505803721889496e-08,
				2.3150581194052602e-07,
				5.6052655848268274e-07,
				1.0
			],
			"uncertain" : false,
			"version_major" : 1,
			"version_minor" : 0
		}
	],
	"nodes" : 
	[
		{
			"class_name" : "PoseGraphNode",
			"pose" : 
			[
				1.0,
				0.0,
				0.0,
				0.0,
				0.0,
				1.0,
				0.0,
				0.0,
				0.0,
				0.0,
				1.0,
				0.0,
				0.0,
				0.0,
				0.0,
				1.0
			],
			"version_major" : 1,
			"version_minor" : 0
		},
		{
			"class_name" : "PoseGraphNode",
			"pose" : 
			[
				0.99991269535162408,
				0.013137972813776702,
				-0.0014125668110424434,
				0.0,
				-0.013051112232986859,
				0.99866832668667094,
				0.04991234058152904,
				0.0,
				0.0020664327071489709,
				-0.04988954743419742,
				0.99875260345727168,
				0.0,
				2.6840310448510215e-07,
				-4.2764172451942579e-07,
				9.0963210560400695e-07,
				1.0
			],
			"version_major" : 1,
			"version_minor" : 0
		},
		{
			"class_name" : "PoseGraphNode",
			"pose" : 
			[
				0.99961035818295907,
				0.023958081843994318,
				0.014322783517651729,
				0.0,
				-0.024722695345386136,
				0.99813398035277001,
				0.055833194427644846,
				0.0,
				-0.012958400680495629,
				-0.056165537293721639,
				0.99833737397350353,
				0.0,
				3.517865129442097e-07,
				-2.8239390521872504e-07,
				9.2128678449605647e-07,
				1.0
			],
			"version_major" : 1,
			"version_minor" : 0
		},
		{
			"class_name" : "PoseGraphNode",
			"pose" : 
			[
				0.99991102848215696,
				0.013221188744146893,
				0.0017706744327331708,
				0.0,
				-0.013290120499903742,
				0.9987938222468371,
				0.047268100645696594,
				0.0,
				-0.0011435982044102609,
				-0.047287427607613695,
				0.99888066923602137,
				0.0,
				3.9441086618832175e-07,
				-4.5907191732610203e-07,
				1.2812298045561811e-06,
				1.0
			],
			"version_major" : 1,
			"version_minor" : 0
		},
		{
			"class_name" : "PoseGraphNode",
			"pose" : 
			[
				0.99975657378843275,
				-0.011818920239069502,
				-0.018630788796934115,
				0.0,
				0.011412411904896192,
				0.99969772421788428,
				-0.021776525161182583,
				0.0,
				0.018882532174643148,
				0.02155860194829767,
				0.99958925397420628,
				0.0,
				3.5768458393564806e-07,
				-7.0231410640269266e-07,
				7.2641280393307477e-07,
				1.0
			],
			"version_major" : 1,
			"version_minor" : 0
		}
	],
	"version_major" : 1,
	"version_minor" : 0
}