{
	"class_name" : "PoseGraph",
	"edges" : 
	[
		{
			"class_name" : "PoseGraphEdge",
			"confidence" : 1.0,
			"information" : 
			[
				13.018519510210588,
				-0.00079914163338226933,
				-0.0016974613441818516,
				0.0,
				-95.690889237163901,
				43.461893893957551,
				-0.00079914163338226933,
				13.014241767502767,
				-0.0072590827071304488,
				95.690889237163901,
				0.0,
				-10.439866327246479,
				-0.0016974613441818516,
				-0.0072590827071304488,
				13.009925713586462,
				-43.461893893957551,
				10.439866327246479,
				0.0,
				0.0,
				95.690889237163901,
				-43.461893893957551,
				1140018.0,
				0.0,
				0.0,
				-95.690889237163901,
				0.0,
				10.439866327246479,
				0.0,
				1140018.0,
				0.0,
				43.461893893957551,
				-10.439866327246479,
				0.0,
				0.0,
				0.0,
				1140018.0
			],
			"source_node_id" : 0,
			"target_node_id" : 1,
			"transformation" : 
			[
				0.99791820580136836,
				-0.0097230687800128699,
				0.063755128920561802,
				0.0,
				0.006838269900242641,
				0.9989495152645651,
				0.045311190863431224,
				0.0,
				-0.064128718956094455,
				-0.044780887510075071,
				0.99693639692753677,
				0.0,
				4.4103243800937478e-06,
				4.9309784743375294e-06,
				-5.8980905897912613e-07,
				1.0
			],
			"uncertain" : false,
			"version_major" : 1,
			"version_minor" : 0
		},
		{
			"class_name" : "PoseGraphEdge",
			"confidence" : 1.0,
			"information" : 
			[
				13.013738620502082,
				-0.00056493024921637361,
				-0.001777520980761063,
				0.0,
				-91.406971035455172,
				27.365341567701456,
				-0.00056493024921637361,
				13.012447193703199,
				-0.0041395918375450756,
				91.406971035455172,
				0.0,
				-10.026327349831607,
				-0.001777520980761063,
				-0.0041395918375450756,
				13.006710592144438,
				-27.365341567701456,
				10.026327349831607,
				0.0,
				0.0,
				91.406971035455172,
				-27.365341567701456,
				1156590.0,
				0.0,
				0.0,
				-91.406971035455172,
				0.0,
				10.026327349831607,
				0.0,
				1156590.0,
				0.0,
				27.365341567701456,
				-10.026327349831607,
				0.0,
				0.0,
				0.0,
				1156590.0
			],
			"source_node_id" : 1,
			"target_node_id" : 2,
			"transformation" : 
			[
				0.99926140573050759,
				-0.017426446256560667,
				0.034248532645295829,
				0.0,
				0.015555447797844098,
				0.99841125583059998,
				0.054157107332034535,
				0.0,
				-0.035137886409077564,
				-0.053584355941190147,
				0.99794491117349293,
				0.0,
				1.9165355209919531e-07,
				3.388270583762372e-07,
				3.88771398148425e-07,
				1.0
			],
			"uncertain" : false,
			"version_major" : 1,
			"version_minor" : 0
		},
		{
			"class_name" : "PoseGraphEdge",
			"confidence" : 1.0,
			"information" : 
			[
				13.010085722247593,
				-0.00048880469677444014,
				-0.0016013677958995427,
				0.0,
				-75.318079974992088,
				22.30569392593522,
				-0.00048880469677444014,
				13.008842001122479,
				-0.0027419412293119686,
				75.318079974992088,
				0.0,
				-12.533471065634689,
				-0.0016013677958995427,
				-0.0027419412293119686,
				13.004847385359811,
				-22.30569392593522,
				12.533471065634689,
				0.0,
				0.0,
				75.318079974992088,
				-22.30569392593522,
				999878.0,
				0.0,
				0.0,
				-75.318079974992088,
				0.0,
				12.533471065634689,
				0.0,
				999878.0,
				0.0,
				22.30569392593522,
				-12.533471065634689,
				0.0,
				0.0,
				0.0,
				999878.0
			],
			"source_node_id" : 2,
			"target_node_id" : 3,
			"transformation" : 
			[
				0.99538924844935039,
				-0.071211173343603648,
				-0.064258951613494666,
				0.0,
				0.07266027299297162,
				0.99714604281391639,
				0.020500098271315069,
				0.0,
				0.062615723265207618,
				-0.025074650377900808,
				0.99772267344608401,
				0.0,
				4.1062807530274225e-07,
				2.0520788222104901e-06,
				-2.6335229667749826e-06,
				1.0
			],
			"uncertain" : false,
			"version_major" : 1,
			"version_minor" : 0
		},
		{
			"class_name" : "PoseGraphEdge",
			"confidence" : 1.0,
			"information" : 
			[
				13.007535529362151,
				-0.00033052681710648337,
				-0.0012556081828760325,
				0.0,
				-68.353521222465588,
				12.602712475732591,
				-0.00033052681710648337,
				13.006949764276182,
				-0.0015169702791523309,
				68.353521222465588,
				0.0,
				-10.999014996235633,
				-0.0012556081828760325,
				-0.0015169702791523309,
				13.003525890381775,
				-12.602712475732591,
				10.999014996235633,
				0.0,
				0.0,
				68.353521222465588,
				-12.602712475732591,
				1059030.0,
				0.0,
				0.0,
				-68.353521222465588,
				0.0,
				10.999014996235633,
				0.0,
				1059030.0,
				0.0,
				12.602712475732591,
				-10.999014996235633,
				0.0,
				0.0,
				0.0,
				1059030.0
			],
			"source_node_id" : 3,
			"target_node_id" : 4,
			"transformation" : 
			[
				0.98328882732319123,
				-0.18180666419704244,
				0.0094561575138666192,
				0.0,
				0.18199627748501179,
				0.98294851606331213,
				-0.026259660137368791,
				0.0,
				-0.0045207347833930685,
				0.027541815889214557,
				0.99961042978479531,
				0.0,
				1.4848933640025526e-06,
				8.1776089944643546e-07,
				-2.0018848852779043e-06,
				1.0
			],
			"uncertain" : false,
			"version_major" : 1,
			"version_minor" : 0
		}
	],
	"nodes" : 
	[
		{
			"class_name" : "PoseGraphNode",
			"pose" : 
			[
				1.0,
				0.0,
				0.0,
				0.0,
				0.0,
				1.0,
				0.0,
				0.0,
				0.0,
				0.0,
				1.0,
				0.0,
				0.0,
				0.0,
				0.0,
				1.0
			],
			"version_major" : 1,
			"version_minor" : 0
		},
		{
			"class_name" : "PoseGraphNode",
			"pose" : 
			[
				0.99791820580136792,
				0.0068382699002426384,
				-0.064128718956094496,
				0.0,
				-0.0097230687800128612,
				0.99894951526456466,
				-0.044780887510075085,
				0.0,
				0.063755128920561788,
				0.045311190863431244,
				0.99693639692753777,
				0.0,
				-4.3155953969327066e-06,
				-4.929232594333795e-06,
				1.0916441631840258e-06,
				1.0
			],
			"version_major" : 1,
			"version_minor" : 0
		},
		{
			"class_name" : "PoseGraphNode",
			"pose" : 
			[
				0.99478968196629292,
				0.020780186753041389,
				-0.099808178482082746,
				0.0,
				-0.030514066814176788,
				0.99481530232441262,
				-0.097012401205445215,
				0.0,
				0.097274767436691903,
				0.099552489168754713,
				0.99026608622149814,
				0.0,
				-4.5337290289163568e-06,
				-5.3089886938558411e-06,
				7.586560507658232e-07,
				1.0
			],
			"version_major" : 1,
			"version_minor" : 0
		},
		{
			"class_name" : "PoseGraphNode",
			"pose" : 
			[
				0.99407672339125519,
				0.099201477031377661,
				-0.044390708109904697,
				0.0,
				-0.10370625224091257,
				0.98800011670237886,
				-0.11445865035998508,
				0.0,
				0.032503557618358478,
				0.11838427408603766,
				0.9924357321213666,
				0.0,
				-4.6435125711015284e-06,
				-7.0654100165523037e-06,
				3.6253645878106029e-06,
				1.0
			],
			"version_major" : 1,
			"version_minor" : 0
		},
		{
			"class_name" : "PoseGraphNode",
			"pose" : 
			[
				0.95844344378939073,
				0.27682086350783475,
				-0.068966474347393308,
				0.0,
				-0.28177247278271361,
				0.95637827684154531,
				-0.07710295174318603,
				0.0,
				0.04461433221564489,
				0.093331672611036823,
				0.99463498844982257,
				0.0,
				-5.746963612444843e-06,
				-8.0717089749557792e-06,
				5.7819689768214449e-06,
				1.0
			],
			"version_major" : 1,
			"version_minor" : 0
		}
	],
	"version_major" : 1,
	"version_minor" : 0
}