{
	"class_name" : "PoseGraph",
	"edges" : 
	[
		{
			"class_name" : "PoseGraphEdge",
			"confidence" : 1.0,
			"information" : 
			[
				13.008608155705486,
				-0.00056924269235628566,
				-3.069331003830033e-05,
				0.0,
				-75.698277085140035,
				0.94387033257750375,
				-0.00056924269235628566,
				13.007805339930352,
				-0.00033393927759703699,
				75.698277085140035,
				0.0,
				-0.58639415050507893,
				-3.069331003830033e-05,
				-0.00033393927759703699,
				13.003950650084633,
				-0.94387033257750375,
				0.58639415050507893,
				0.0,
				0.0,
				75.698277085140035,
				-0.94387033257750375,
				1031368.0,
				0.0,
				0.0,
				-75.698277085140035,
				0.0,
				0.58639415050507893,
				0.0,
				1031368.0,
				0.0,
				0.94387033257750375,
				-0.58639415050507893,
				0.0,
				0.0,
				0.0,
				1031368.0
			],
			"source_node_id" : 0,
			"target_node_id" : 1,
			"transformation" : 
			[
				0.99331698357945974,
				-0.055739127143541727,
				0.10106690772888009,
				0.0,
				0.062663961582727565,
				0.99580418584195252,
				-0.066687715348518042,
				0.0,
				-0.096925734721797774,
				0.072575293075003267,
				0.99264204463830663,
				0.0,
				4.8972514772914494e-06,
				-1.8715102287736878e-06,
				-3.9863345652311614e-06,
				1.0
			],
			"uncertain" : false,
			"version_major" : 1,
			"version_minor" : 0
		},
		{
			"class_name" : "PoseGraphEdge",
			"confidence" : 1.0,
			"information" : 
			[
				13.010809485089094,
				0.00012780086982057241,
				0.0010993945036982603,
				0.0,
				-80.293347225072921,
				15.950672222651029,
				0.00012780086982057241,
				13.009757373148476,
				-0.002429955728456596,
				80.293347225072921,
				0.0,
				8.1410443260267265,
				0.0010993945036982603,
				-0.002429955728456596,
				13.00507923789897,
				-15.950672222651029,
				-8.1410443260267265,
				0.0,
				0.0,
				80.293347225072921,
				-15.950672222651029,
				1044902.0,
				0.0,
				0.0,
				-80.293347225072921,
				0.0,
				-8.1410443260267265,
				0.0,
				1044902.0,
				0.0,
				15.950672222651029,
				8.1410443260267265,
				0.0,
				0.0,
				0.0,
				1044902.0
			],
			"source_node_id" : 1,
			"target_node_id" : 2,
			"transformation" : 
			[
				0.9993789490104289,
				-0.0019713457384179386,
				0.035182809307830534,
				0.0,
				0.003297154067450566,
				0.99928497227704294,
				-0.037665275205747452,
				0.0,
				-0.035083401344040713,
				0.037757886292122067,
				0.99867086518676651,
				0.0,
				1.1592605091841963e-06,
				1.5271769893267576e-06,
				-3.7979847620813638e-06,
				1.0
			],
			"uncertain" : false,
			"version_major" : 1,
			"version_minor" : 0
		},
		{
			"class_name" : "PoseGraphEdge",
			"confidence" : 1.0,
			"information" : 
			[
				13.012396776152583,
				0.00090981130521495851,
				0.0021451268059859258,
				0.0,
				-85.62811381862457,
				25.519140905883191,
				0.00090981130521495851,
				13.01097263007734,
				-0.0037640667087544674,
				85.62811381862457,
				0.0,
				11.843819725948965,
				0.0021451268059859258,
				-0.0037640667087544674,
				13.005947753939436,
				-25.519140905883191,
				-11.843819725948965,
				0.0,
				0.0,
				85.62811381862457,
				-25.519140905883191,
				1185831.0,
				0.0,
				0.0,
				-85.62811381862457,
				0.0,
				-11.843819725948965,
				0.0,
				1185831.0,
				0.0,
				25.519140905883191,
				11.843819725948965,
				0.0,
				0.0,
				0.0,
				1185831.0
			],
			"source_node_id" : 2,
			"target_node_id" : 3,
			"transformation" : 
			[
				0.99751139463342431,
				-0.066511345911738518,
				-0.023393555554693857,
				0.0,
				0.066448599642428094,
				0.99778388408418317,
				-0.003450256141523163,
				0.0,
				0.023571193903614496,
				0.0018872008083065553,
				0.99972037955173565,
				0.0,
				5.6868059455208482e-07,
				-6.4336312926550749e-07,
				6.1280841860998731e-07,
				1.0
			],
			"uncertain" : false,
			"version_major" : 1,
			"version_minor" : 0
		},
		{
			"class_name" : "PoseGraphEdge",
			"confidence" : 1.0,
			"information" : 
			[
				13.014529518843094,
				0.0014371342862150186,
				0.0023939000176861772,
				0.0,
				-83.248499855585123,
				28.901441607994052,
				0.0014371342862150186,
				13.011799037411931,
				-0.005096149472506601,
				83.248499855585123,
				0.0,
				12.913593501763494,
				0.0023939000176861772,
				-0.005096149472506601,
				13.007641809976286,
				-28.901441607994052,
				-12.913593501763494,
				0.0,
				0.0,
				83.248499855585123,
				-28.901441607994052,
				1067008.0,
				0.0,
				0.0,
				-83.248499855585123,
				0.0,
				-12.913593501763494,
				0.0,
				1067008.0,
				0.0,
				28.901441607994052,
				12.913593501763494,
				0.0,
				0.0,
				0.0,
				1067008.0
			],
			"source_node_id" : 3,
			"target_node_id" : 4,
			"transformation" : 
			[
				0.99274388247199774,
				-0.11866612367842078,
				0.019440547974827901,
				0.0,
				0.1196040492649182,
				0.99114680856122639,
				-0.057644386355747333,
				0.0,
				-0.012428001201274302,
				0.059551280171238778,
				0.99814787973331309,
				0.0,
				1.5910813728084634e-06,
				-1.27496809440913e-06,
				-9.5014775683569714e-07,
				1.0
			],
			"uncertain" : false,
			"version_major" : 1,
			"version_minor" : 0
		}
	],
	"nodes" : 
	[
		{
			"class_name" : "PoseGraphNode",
			"pose" : 
			[
				1.0,
				0.0,
				0.0,
				0.0,
				0.0,
				1.0,
				0.0,
				0.0,
				0.0,
				0.0,
				1.0,
				0.0,
				0.0,
				0.0,
				0.0,
				1.0
			],
			"version_major" : 1,
			"version_minor" : 0
		},
		{
			"class_name" : "PoseGraphNode",
			"pose" : 
			[
				0.99331698357946108,
				0.062663961582727579,
				-0.096925734721797815,
				0.0,
				-0.055739127143541775,
				0.99580418584195218,
				0.072575293075003197,
				0.0,
				0.10106690772888012,
				-0.066687715348518042,
				0.99264204463830596,
				0.0,
				-4.5659529041645948e-06,
				1.2909369964548264e-06,
				4.5674983943434124e-06,
				1.0
			],
			"version_major" : 1,
			"version_minor" : 0
		},
		{
			"class_name" : "PoseGraphNode",
			"pose" : 
			[
				0.98897053170761962,
				0.068247995771398451,
				-0.13145150621859009,
				0.0,
				-0.053841370514934817,
				0.99245063873560957,
				0.11019453931277245,
				0.0,
				0.13797968776244696,
				-0.10190162288436734,
				0.98517900151115101,
				0.0,
				-5.106157332597393e-06,
				-6.9084879933978071e-07,
				8.2932932052493611e-06,
				1.0
			],
			"version_major" : 1,
			"version_minor" : 0
		},
		{
			"class_name" : "PoseGraphNode",
			"pose" : 
			[
				0.98618403663648835,
				0.13162316568897767,
				-0.10058025719480508,
				0.0,
				-0.1192394175494535,
				0.98551967819983488,
				0.12055258264906739,
				0.0,
				0.11499133526413344,
				-0.10689390129892846,
				0.98759844404457542,
				0.0,
				-5.8141629600130829e-06,
				-6.6147832727185571e-08,
				7.8228416918086077e-06,
				1.0
			],
			"version_major" : 1,
			"version_minor" : 0
		},
		{
			"class_name" : "PoseGraphNode",
			"pose" : 
			[
				0.96333753973871106,
				0.2498687142060422,
				-0.09770573264239335,
				0.0,
				-0.228362523796451,
				0.95480980429861073,
				0.19023352843430075,
				0.0,
				0.14082379861189334,
				-0.1609467715621152,
				0.97686477798528903,
				0.0,
				-7.5042628906575281e-06,
				6.0071953319204222e-07,
				9.1490070198076494e-06,
				1.0
			],
			"version_major" : 1,
			"version_minor" : 0
		}
	],
	"version_major" : 1,
	"version_minor" : 0
}