{
	"class_name" : "PoseGraph",
	"edges" : 
	[
		{
			"class_name" : "PoseGraphEdge",
			"confidence" : 1.0,
			"information" : 
			[
				13.022591339093553,
				0.00016094782397757111,
				0.00082432227696841755,
				0.0,
				-92.274727980253374,
				51.538580359017132,
				0.00016094782397757111,
				13.01664402151739,
				-0.0099168263171831115,
				92.274727980253374,
				0.0,
				5.7181089005206669,
				0.00082432227696841755,
				-0.0099168263171831115,
				13.013457291851999,
				-51.538580359017132,
				-5.7181089005206669,
				0.0,
				0.0,
				92.274727980253374,
				-51.538580359017132,
				1105663.0,
				0.0,
				0.0,
				-92.274727980253374,
				0.0,
				-5.7181089005206669,
				0.0,
				1105663.0,
				0.0,
				51.538580359017132,
				5.7181089005206669,
				0.0,
				0.0,
				0.0,
				1105663.0
			],
			"source_node_id" : 0,
			"target_node_id" : 1,
			"transformation" : 
			[
				0.99991269535162308,
				-0.013051112232986857,
				0.0020664327071489774,
				0.0,
				0.013137972813776698,
				0.99866832668667094,
				-0.049889547434197414,
				0.0,
				-0.001412566811042441,
				0.04991234058152904,
				0.99875260345727135,
				0.0,
				-2.6147641017303389e-07,
				3.8517333702873351e-07,
				-9.3038692271438347e-07,
				1.0
			],
			"uncertain" : false,
			"version_major" : 1,
			"version_minor" : 0
		},
		{
			"class_name" : "PoseGraphEdge",
			"confidence" : 1.0,
			"information" : 
			[
				13.022671297264701,
				-0.00036791710768698172,
				-0.00010293297939832661,
				0.0,
				-91.708773577095144,
				56.61633447766684,
				-0.00036791710768698172,
				13.016586183909972,
				-0.010308271653030693,
				91.708773577095144,
				0.0,
				0.080090612522372595,
				-0.00010293297939832661,
				-0.010308271653030693,
				13.013934640403752,
				-56.61633447766684,
				-0.080090612522372595,
				0.0,
				0.0,
				91.708773577095144,
				-56.61633447766684,
				1196494.0,
				0.0,
				0.0,
				-91.708773577095144,
				0.0,
				-0.080090612522372595,
				0.0,
				1196494.0,
				0.0,
				56.61633447766684,
				0.080090612522372595,
				0.0,
				0.0,
				0.0,
				1196494.0
			],
			"source_node_id" : 1,
			"target_node_id" : 2,
			"transformation" : 
			[
				0.99981761629142218,
				-0.011685947958183637,
				-0.015105388894614998,
				0.0,
				0.01159503418087067,
				0.99991421605568953,
				-0.0060922665799028278,
				0.0,
				0.015175287004975406,
				0.0059160079491819362,
				0.99986734695871649,
				0.0,
				-8.6997705381530861e-08,
				-1.4356603936454555e-07,
				-2.3968640909094129e-09,
				1.0
			],
			"uncertain" : false,
			"version_major" : 1,
			"version_minor" : 0
		},
		{
			"class_name" : "PoseGraphEdge",
			"confidence" : 1.0,
			"information" : 
			[
				13.022254279171753,
				0.00021904704207265931,
				0.00014216491705467603,
				0.0,
				-96.878934812998068,
				55.32595387964173,
				0.00021904704207265931,
				13.016793030426179,
				-0.0097667730826977509,
				96.878934812998068,
				0.0,
				0.17036668907181785,
				0.00014216491705467603,
				-0.0097667730826977509,
				13.013016481234507,
				-55.32595387964173,
				-0.17036668907181785,
				0.0,
				0.0,
				96.878934812998068,
				-55.32595387964173,
				1137241.0,
				0.0,
				0.0,
				-96.878934812998068,
				0.0,
				-0.17036668907181785,
				0.0,
				1137241.0,
				0.0,
				55.32595387964173,
				0.17036668907181785,
				0.0,
				0.0,
				0.0,
				1137241.0
			],
			"source_node_id" : 2,
			"target_node_id" : 3,
			"transformation" : 
			[
				0.99986353664072736,
				0.011321252798301063,
				0.012030682913891554,
				0.0,
				-0.011425115573594638,
				0.99989775000479164,
				0.0085997831068450065,
				0.0,
				-0.011932092458058097,
				-0.0087360614942737103,
				0.99989064722055476,
				0.0,
				-4.0922009448555701e-08,
				1.6001756691162684e-07,
				-3.6784602833804274e-07,
				1.0
			],
			"uncertain" : false,
			"version_major" : 1,
			"version_minor" : 0
		},
		{
			"class_name" : "PoseGraphEdge",
			"confidence" : 1.0,
			"information" : 
			[
				13.014553862291837,
				-0.00014007488917375878,
				-0.00027236770497159307,
				0.0,
				-83.699946765720142,
				38.331977638559465,
				-0.00014007488917375878,
				13.012018451042277,
				-0.0059955317217822643,
				83.699946765720142,
				0.0,
				-0.2213260039712095,
				-0.00027236770497159307,
				-0.0059955317217822643,
				13.007588264687966,
				-38.331977638559465,
				0.2213260039712095,
				0.0,
				0.0,
				83.699946765720142,
				-38.331977638559465,
				1170897.0,
				0.0,
				0.0,
				-83.699946765720142,
				0.0,
				0.2213260039712095,
				0.0,
				1170897.0,
				0.0,
				38.331977638559465,
				-0.2213260039712095,
				0.0,
				0.0,
				0.0,
				1170897.0
			],
			"source_node_id" : 3,
			"target_node_id" : 4,
			"transformation" : 
			[
				0.99947837469197254,
				0.024590029687928883,
				0.02093582964776022,
				0.0,
				-0.025972191856592101,
				0.9973109037506025,
				0.068530332775503577,
				0.0,
				-0.0191943682693031,
				-0.06903833500384883,
				0.9974293381120477,
				0.0,
				2.350580372188946e-08,
				2.3150581194052599e-07,
				5.6052655848268295e-07,
				1.0
			],
			"uncertain" : false,
			"version_major" : 1,
			"version_minor" : 0
		}
	],
	"nodes" : 
	[
		{
			"class_name" : "PoseGraphNode",
			"pose" : 
			[
				1.0,
				0.0,
				0.0,
				0.0,
				0.0,
				1.0,
				0.0,
				0.0,
				0.0,
				0.0,
				1.0,
				0.0,
				0.0,
				0.0,
				0.0,
				1.0
			],
			"version_major" : 1,
			"version_minor" : 0
		},
		{
			"class_name" : "PoseGraphNode",
			"pose" : 
			[
				0.99991269535162408,
				0.013137972813776704,
				-0.0014125668110424457,
				0.0,
				-0.013051112232986863,
				0.99866832668667094,
				0.04991234058152904,
				0.0,
				0.0020664327071489748,
				-0.049889547434197434,
				0.99875260345727168,
				0.0,
				2.6840310448510189e-07,
				-4.2764172451942548e-07,
				9.0963210560400674e-07,
				1.0
			],
			"version_major" : 1,
			"version_minor" : 0
		},
		{
			"class_name" : "PoseGraphNode",
			"pose" : 
			[
				0.99961035818295907,
				0.023958081843994318,
				0.014322783517651727,
				0.0,
				-0.024722695345386139,
				0.99813398035277001,
				0.055833194427644846,
				0.0,
				-0.012958400680495627,
				-0.05616553729372166,
				0.99833737397350353,
				0.0,
				3.5178651294420949e-07,
				-2.8239390521872467e-07,
				9.2128678449605626e-07,
				1.0
			],
			"version_major" : 1,
			"version_minor" : 0
		},
		{
			"class_name" : "PoseGraphNode",
			"pose" : 
			[
				0.99991102848215696,
				0.013221188744146902,
				0.0017706744327331643,
				0.0,
				-0.013290120499903742,
				0.9987938222468371,
				0.047268100645696587,
				0.0,
				-0.001143598204410255,
				-0.047287427607613716,
				0.99888066923602137,
				0.0,
				3.9441086618832138e-07,
				-4.5907191732610177e-07,
				1.2812298045561813e-06,
				1.0
			],
			"version_major" : 1,
			"version_minor" : 0
		},
		{
			"class_name" : "PoseGraphNode",
			"pose" : 
			[
				0.99975657378843275,
				-0.011818920239069499,
				-0.018630788796934125,
				0.0,
				0.011412411904896202,
				0.99969772421788428,
				-0.02177652516118259,
				0.0,
				0.018882532174643151,
				0.021558601948297663,
				0.99958925397420628,
				0.0,
				3.5768458393564785e-07,
				-7.0231410640269234e-07,
				7.2641280393307477e-07,
				1.0
			],
			"version_major" : 1,
			"version_minor" : 0
		}
	],
	"version_major" : 1,
	"version_minor" : 0
}